{
  "id": "1529492",
  "name": "物联网平台",
  "font_family": "iconfont",
  "css_prefix_text": "icon-",
  "description": "",
  "glyphs": [
    {
      "icon_id": "970791",
      "name": "首页",
      "font_class": "shouye1-copy",
      "unicode": "e64e",
      "unicode_decimal": 58958
    },
    {
      "icon_id": "2071261",
      "name": "日历",
      "font_class": "rili",
      "unicode": "e602",
      "unicode_decimal": 58882
    },
    {
      "icon_id": "4641177",
      "name": "设备",
      "font_class": "shebei",
      "unicode": "e62f",
      "unicode_decimal": 58927
    },
    {
      "icon_id": "5163436",
      "name": "书",
      "font_class": "shu",
      "unicode": "e610",
      "unicode_decimal": 58896
    },
    {
      "icon_id": "6353940",
      "name": "五角星",
      "font_class": "xingzhuang60kaobei2",
      "unicode": "e600",
      "unicode_decimal": 58880
    },
    {
      "icon_id": "8863298",
      "name": "规则引擎",
      "font_class": "guizeyinqing",
      "unicode": "e61f",
      "unicode_decimal": 58911
    }
  ]
}
